TradingDate,AAPL,MSFT
2021-01-05,0.011387997332000481,6.420953772923177e-05
2021-01-06,-0.035141146455503466,-0.027171416759117484
2021-01-07,0.03265393992290386,0.02715962879481427
2021-01-08,0.007694189110161592,0.005174326183296084
2021-01-11,-0.02442328516091003,-0.010645907709297785
2021-01-12,-0.002296539911977877,-0.012740478741084941
2021-01-13,0.015196462133374495,0.005638850482959005
2021-01-14,-0.016142789348614434,-0.016365186187123848
2021-01-15,-0.014725644946750658,-0.002638436315377187
2021-01-19,0.004512414671667555,0.016765751074891908
2021-01-20,0.03142791331117934,0.03494938544254278
2021-01-21,0.03520240073206519,0.002004301764330425
2021-01-22,0.015145833267344417,0.003546675875881035
2021-01-25,0.02650762966468942,0.014920004054581484
2021-01-26,0.0008778527426161351,0.011325034875326434
2021-01-27,-0.00851338232816109,0.001650402103098711
2021-01-28,-0.036311859121855014,0.024861445112144002
2021-01-29,-0.03883879808742826,-0.03030567899419937
2021-02-01,0.015585184311210318,0.031814582597400394
2021-02-02,0.005516670949144584,-0.001384355972885301
2021-02-03,-0.008608763138831582,0.013666273707793422
2021-02-04,0.02463165845395274,-0.004882395723555818
2021-02-05,-0.00539603216475632,-1.5216498000896026e-05
2021-02-08,0.00039621087456416385,0.0004141602654608417
2021-02-09,-0.007395363201002615,0.004547166409532834
2021-02-10,-0.005368909937642522,-0.004704729678156372
2021-02-11,-0.002722224457024732,0.006053980167177022
2021-02-12,0.0009744921477001937,0.0012429851021811332
2021-02-16,-0.017035089984755683,-0.006079432754026953
2021-02-17,-0.018601477542756005,0.0012496010454437901
2021-02-18,-0.009374013317601463,-0.0023803626978980957
2021-02-19,0.0005327607694172174,-0.012334754564295582
2021-02-22,-0.03095204317052091,-0.027874213514061923
2021-02-23,-0.0018117288526904294,-0.006001649939884003
2021-02-24,-0.0047603534944851335,0.00477220381400237
2021-02-25,-0.03610192705091595,-0.024690450295978373
2021-02-26,0.001529103090198341,0.0139956282762271
2021-03-01,0.051751290977027305,0.018732981771897333
2021-03-02,-0.021815014823611013,-0.013741539102634509
2021-03-03,-0.02546054968065211,-0.028051465541531845
2021-03-04,-0.016638237383065156,-0.004354057643895496
2021-03-05,0.009981119969004287,0.020551863460288956
2021-03-08,-0.0432667760752871,-0.019045140723140272
2021-03-09,0.0391039446854641,0.027013897203924473
2021-03-10,-0.009867716087517915,-0.006534422384896603
2021-03-11,0.015668059895106914,0.019362434163290695
2021-03-12,-0.008354673369541567,-0.006536592444451314
2021-03-15,0.023462468441238192,-0.004695245028710379
2021-03-16,0.01196245480912186,0.011574766832308632
2021-03-17,-0.007171480261269903,-0.0035225400518554585
2021-03-18,-0.035193207139350334,-0.02772404916872546
2021-03-19,-0.005190278623954705,-0.0023049627146583367
2021-03-22,0.027241664934144875,0.023489539864572234
2021-03-23,-0.007612563612933901,0.006014977614895356
2021-03-24,-0.020896045624916544,-0.00966336121134281
2021-03-25,0.003454900442909317,-0.014039231564721998
2021-03-26,0.004428216366919308,0.01696182167450815
2021-03-29,0.0007839244272916956,-0.005957368168081692
2021-03-30,-0.013050440876243644,-0.01521565875428547
2021-03-31,0.01799173567028101,0.016166142708723536
2021-04-01,0.006234557668668006,0.02682620874519165
2021-04-05,0.022603585677884078,0.026651019163227242
2021-04-06,0.0017592452202377091,-0.005569910817883923
2021-04-07,0.012601522314257912,0.007496767204178491
2021-04-08,0.018351145384563804,0.012616305287886112
2021-04-09,0.019311679560759035,0.009514192122307977
2021-04-12,-0.01398382543721884,-0.0004655150841217722
2021-04-13,0.023315909373260474,0.009331188313696084
2021-04-14,-0.018714447975051677,-0.011982410373317397
2021-04-15,0.017835029550784018,0.01448210449858564
2021-04-16,-0.0032310815269403804,0.004067039628689417
2021-04-19,0.004355772850906507,-0.008400045744876818
2021-04-20,-0.013613036306932082,-0.00255686707125039
2021-04-21,0.0022256237813762358,0.00824308635627994
2021-04-22,-0.012454204045579429,-0.01387257096088277
2021-04-23,0.017177738974560576,0.01465761006840497
2021-04-26,0.002273537724731363,0.0008305149343124747
2021-04-27,-0.0031525299350438963,0.0009045235716205339
2021-04-28,-0.006745471261482673,-0.02939342879876386
2021-04-29,-0.0013488954143167978,-0.008685712697882318
2021-04-30,-0.015749031047742938,-0.0018077336465140339
2021-05-03,0.007581863824650601,-0.0018697406673799785
2021-05-04,-0.036626784922885194,-0.01689176432204922
2021-05-05,0.001353507165492868,-0.005941331033376773
2021-05-06,0.012121238882220928,0.012540052019727578
2021-05-07,0.0030160839557276773,0.01027248608271364
2021-05-10,-0.026743245695346207,-0.02173600416312623
2021-05-11,-0.00803792003168166,-0.0044507576818855225
2021-05-12,-0.025854679820860593,-0.030402506548193292
2021-05-13,0.017161022304943773,0.016121340578998947
2021-05-14,0.01905042232443228,0.020248509522940186
2021-05-17,-0.009901659371535507,-0.012640767366601623
2021-05-18,-0.011909454724806734,-0.009202027399693637
2021-05-19,-0.0018823597172874427,-0.00043545865861691156
2021-05-20,0.020194400065059164,0.013125705679874825
2021-05-21,-0.015477223036970631,-0.00592900681439138
2021-05-24,0.012626344158824968,0.02202421328837084
2021-05-25,-0.0021748034750662896,0.003141297896340983
2021-05-26,-0.0009940886750511523,-0.0015141313408571434
2021-05-27,-0.013054053802797845,-0.009306125278360387
2021-05-28,-0.005862372287716765,0.0009829959230085933
2021-06-01,-0.003251775429929517,-0.009773638004136524
2021-06-02,0.005656537614305138,-0.0010042854310170152
2021-06-03,-0.012828631871398752,-0.007050195787761245
2021-06-04,0.018243519510414825,0.019863956815937115
2021-06-07,-0.000520568727866393,0.011370020051768568
2021-06-08,0.006049802845069329,-0.005497517589632792
2021-06-09,0.0024724410666602807,0.003430351591263779
2021-06-10,-0.00865564299424793,0.01369071165771635
2021-06-11,0.009184659457682957,0.001923636149994479
2021-06-14,0.02368075688729235,0.007125327153501567
2021-06-15,-0.007058580039411819,-0.006504503405886556
2021-06-16,0.003326253167227961,-0.004400369098753207
2021-06-17,0.011522115215223384,0.01258360007716388
2021-06-18,-0.011143080287847818,-0.006650275443989186
2021-06-21,0.013005404752960196,0.011259280838310032
2021-06-22,0.011618463959211244,0.009906307219117408
2021-06-23,-0.0030920509722240632,-0.0018854809964668788
2021-06-24,-0.0031713909171827113,0.004319911412261883
2021-06-25,-0.0032512391317868856,-0.007281640335425843
2021-06-28,0.011467965459143054,0.012864650467547402
2021-06-29,0.010434597679967537,0.008923802096731232
2021-06-30,0.003810495195393606,-0.0026439983097193685
2021-07-01,0.0012608768701362193,0.001580646593491713
2021-07-02,0.018406878235919143,0.02103093200307506
2021-07-06,0.013611225254460287,-0.0009639840809597987
2021-07-07,0.01679592656640336,0.007142228307384024
2021-07-08,-0.010242274190118958,-0.010006968578896252
2021-07-09,0.011970530372769562,0.0008726597232918325
2021-07-12,-0.005212567950514729,-0.003233188984146226
2021-07-13,0.006858315754745788,0.01211141834921587
2021-07-14,0.02281468765352506,0.004430455766576021
2021-07-15,-0.00550224192286715,-0.006252522989109908
2021-07-16,-0.015175975854570003,-0.0019968315824189986
2021-07-20,0.024642430613337866,0.007304471359091953
2021-07-21,-0.006144926457835942,0.006419066702454039
2021-07-22,0.008582551080996155,0.015704056857899395
2021-07-23,0.010917800864035102,0.011261142472745879
2021-07-26,0.0018902725547975748,-0.0031426604824486004
2021-07-27,-0.016012453976140394,-0.009721541063258888
2021-07-28,-0.013270933750375826,-0.00211739658249647
2021-07-29,0.0035420214345009858,-2.2209727935589658e-05
2021-07-30,0.0008094342488545619,-0.006265195231823379
2021-08-02,-0.0033337233462202116,-0.0013159391316892167
2021-08-03,0.011565038297129845,0.007042845048070138
2021-08-04,-0.0037861796420705514,-0.003126807279726982
2021-08-05,-0.0002517260968501482,0.009450939695861922
2021-08-06,-0.0072756004050045986,-0.0012072610460285398
2021-08-09,-0.0013421962186490081,-0.0049114607061557965
2021-08-10,-0.004359734381837139,-0.007576567364563602
2021-08-11,0.0007841217935016136,0.0007788944156325662
2021-08-12,0.019560520711371862,0.008917551293118539
2021-08-13,0.0004094435032336039,0.009434996688301101
2021-08-16,0.01245700142256137,0.004957971492738615
2021-08-17,-0.007173063975764811,-0.006172894736766897
2021-08-18,-0.02673181906648326,-0.008950607877194575
2021-08-19,0.0014203449979298167,0.019662426602798853
2021-08-20,0.009205549053151124,0.024353783290954906
2021-08-23,0.009304855259658185,5.2365386181253064e-05
2021-08-24,-0.0015013430174864032,-0.007585683671078566
2021-08-26,-0.006342427165233984,-0.010515597966691827
2021-08-27,0.006358806827502541,0.0013041740533601878
2021-08-30,0.02916379542098534,0.012029401406478015
2021-08-31,-0.009060453810547785,-0.006248519485920454
2021-09-01,0.00366869377399586,-0.0009656424445986738
2021-09-02,0.006647120908401263,-0.0030554654823390028
2021-09-03,0.0034214707926214735,-0.0008332065948327458
2021-09-07,0.01457057174720172,-0.003992978166728598
2021-09-08,-0.010934788479657476,-0.0007000649576944456
2021-09-09,-0.007527498042975949,-0.010708694199583122
2021-09-10,-0.03446210120218199,-0.005994291225433956
2021-09-13,0.0030858416844554448,0.0035192238567239753
2021-09-14,-0.010408029030545149,0.008583761339626449
2021-09-15,0.005324871915289363,0.015839208915895794
2021-09-16,-0.002411712121095427,0.0005113896050253094
2021-09-17,-0.01931841964764221,-0.01848378065588217
2021-09-20,-0.022392534400130896,-0.019549392167419428
2021-09-21,0.0026221495142890374,0.0008975050757543721
2021-09-22,0.015931585007608537,0.011940743310262557
2021-09-23,0.005896758661115967,0.0024768277557224035
2021-09-24,-0.00018723402337984156,-0.0015012740098052377
2021-09-27,-0.011406004513232927,-0.018255625851460105
2021-09-28,-0.024889162591787434,-0.037675164103185
2021-09-29,0.005662058028091024,0.0008915707444900547
2021-09-30,-0.009955394791244857,-0.007950895413391276
2021-10-01,0.007294360576216789,0.02434930627448562
2021-10-04,-0.025713457164013857,-0.021737134320949043
2021-10-05,0.01325910757417417,0.01896037856960879
2021-10-06,0.005487329531591389,0.014152071912326807
2021-10-07,0.008243491127250603,0.005118787263226275
2021-10-12,-0.0099446895005619,-0.0053988056046162915
2021-10-13,-0.00504899725726652,0.010843234776164981
2021-10-14,0.01922385376829006,0.020701178845056036
2021-10-15,0.006684442422137033,0.004010869961478151
2021-10-18,0.010936982259461023,0.009273674721873132
2021-10-19,0.014167601899967743,0.0022543304222980114
2021-10-20,0.002555482646372121,-0.0034638960591145997
2021-10-21,0.0006728529140418055,0.01003854860248372
2021-10-22,-0.006099002908151241,-0.005961967843549667
2021-10-25,-0.001136326643603602,-0.004137170392847716
2021-10-26,0.0037643789808546753,0.005605301402680527
2021-10-27,-0.00395256658459768,0.0404514273080507
2021-10-28,0.023884419663325406,0.002844679102510651
2021-10-29,-0.019022436041991563,0.021466555414162158
2021-11-01,-0.006423257554362232,-0.007607996158475837
2021-11-02,0.00629080501273341,0.010551065273581687
2021-11-03,0.008950997628741932,0.001808188788368071
2021-11-04,-0.004304715109937469,0.006478834117536128
2021-11-05,0.0013175232899072832,-0.0019301116444406193
2021-11-08,-0.006368090748066431,0.001963540871791554
2021-11-09,0.0016564327704580275,-0.003890916955428619
2021-11-10,-0.02014917929372427,-0.016248376216622604
2021-11-11,-0.0011380776934732148,0.004115348466807574
2021-11-12,0.013435115821872129,0.012022412845971506
2021-11-15,-0.0007333311110123109,-0.0027322528641529485
2021-11-16,0.00584454271866851,0.009383930047797688
2021-11-17,0.015555581510392479,-0.001949374601578218
2021-11-18,0.02733649121831872,0.005519925796010593
2021-11-19,0.016033510991887545,0.0045771426208427645
2021-11-22,0.002123160336311747,-0.010405602892710324
2021-11-23,0.0016191309133534674,-0.007146791094281371
2021-11-24,0.0024781844727800495,-0.00011911363730729256
2021-11-26,-0.03299101486502814,-0.025457100806374196
2021-11-29,0.020837809964622773,0.02006191731432255
2021-11-30,0.030389313469415764,-0.01880546744931959
2021-12-01,-0.004011442757638417,-0.0023438875726232446
2021-12-02,-0.006948620716306082,-0.0025890448545774066
2021-12-03,-0.01259374849354395,-0.020662721972629004
2021-12-06,0.02047479678404161,0.008996751182032517
2021-12-07,0.03403264480993215,0.025611663658463405
2021-12-09,-0.0037744902379339366,-0.006398230376585394
2021-12-10,0.026828095508855454,0.027145694004588786
2021-12-13,-0.02169098752591904,-0.010009086404096985
2021-12-14,-0.008855575312573203,-0.03392969593375384
2021-12-15,0.027310325855963283,0.018235552680279123
2021-12-16,-0.04085541725005972,-0.030367766871596563
2021-12-17,-0.007323028371118828,-0.004191401431519719
2021-12-20,-0.008955168551103187,-0.012886335007961085
2021-12-21,0.018107022920080602,0.022006921795337062
2021-12-22,0.014402656334630518,0.01709628226177679
2021-12-23,0.00283719428026961,0.00366181997601098
2021-12-27,0.021914865745394235,0.022120931375215553
2021-12-28,-0.006583899111844556,-0.004310315144744655
2021-12-29,-0.0002981459174788665,0.0012491810449354237
2021-12-30,-0.007399945653148107,-0.008520912604571051
2021-12-31,-0.004241617665965541,-0.00958052725094774
2022-01-03,0.023896733251572686,-0.00547910311730444
2022-01-04,-0.01357283683280277,-0.018095839131054725
2022-01-05,-0.027760067244793542,-0.039944122669793754
2022-01-06,-0.01763424973126678,-0.008733275511160961
2022-01-07,0.00018788397492786296,-0.0002903809292174865
2022-01-10,-0.000683842490286372,-6.787728900275374e-05
2022-01-11,0.015844494024600156,0.0014566557053825686
2022-01-12,0.001766956145559744,0.009590934392855155
2022-01-13,-0.02001145017015996,-0.04404425532679859
2022-01-18,-0.01987486305966075,-0.0254402284047422
2022-01-19,-0.02204890232987907,0.0014442994337211241
2022-01-20,-0.011201012916038935,-0.006519685637616303
2022-01-21,-0.013647356444817502,-0.019440835594090693
2022-01-24,-0.0056761013812098365,0.00034787318478182716
2022-01-25,-0.01225003175140569,-0.027748250422141203
2022-01-26,-0.0013634332011201638,0.027294807504648824
2022-01-27,-0.0037475421923435902,0.00969376824305746
2022-01-28,0.06665083821205389,0.02689458366851649
2022-01-31,0.024990308326912195,0.007985018711096463
2022-02-01,-0.0017731246653620437,-0.007964325348017155
2022-02-02,0.006219575121275115,0.014307484144268837
2022-02-03,-0.01766109796606644,-0.04053127542105724
2022-02-04,-0.0037540407823576857,0.01464851949025466
2022-02-07,-0.005043575616813314,-0.017244866301339534
2022-02-08,0.017498296919483704,0.011123974080462123
2022-02-09,0.007459566764228612,0.02079981338981161
2022-02-10,-0.024681732003387358,-0.029583420911998465
2022-02-11,-0.021225642617401487,-0.02537356418382605
2022-02-14,0.0006221381870677025,-0.0009355840284092903
2022-02-15,0.022088580784965114,0.017572559041087055
2022-02-16,-0.002189934781017898,-0.004033497825402843
2022-02-17,-0.022298646003947344,-0.03051941614093557
2022-02-18,-0.010199795547286825,-0.010477606376966733
2022-02-22,-0.01877286181253025,-0.0015296100384461727
2022-02-23,-0.027004526621641895,-0.027034360740426335
2022-02-24,0.01574261570990522,0.04903113486238205
2022-02-25,0.012082134249228717,0.008390806375115321
2022-02-28,0.0008365127754580102,0.004165620000254588
2022-03-01,-0.012496039763191412,-0.013735135047396893
2022-03-02,0.019579162336652262,0.016809757069533405
2022-03-03,-0.002783233319290826,-0.015126459994419032
2022-03-04,-0.019379769444388954,-0.02149109972982827
2022-03-07,-0.0248033851869761,-0.03930889865849397
2022-03-08,-0.012544783612059648,-0.011831909417436472
2022-03-09,0.033598971979627176,0.044037846229714274
2022-03-10,-0.02836263696133615,-0.010937870101331851
2022-03-11,-0.024999105820653112,-0.020317643922365496
2022-03-14,-0.027721553828375527,-0.013845772701263323
2022-03-15,0.028445484898155713,0.03721092808711176
2022-03-16,0.02780243283973351,0.024100691576206534
2022-03-17,0.0031333003492210526,-0.0004845777776610258
2022-03-18,0.017403142407715417,0.01419394063897526
2022-03-21,0.0052013871259891055,-0.007536234424359233
2022-03-23,0.004899910264307822,-0.018444022336246372
2022-03-24,0.019124548344736026,0.011975566666875381
2022-03-25,0.00042717539192242953,-0.004682079261755923
2022-03-28,0.0017239886444760464,0.019553300977438678
2022-03-29,0.01565363598085799,0.011745563397769235
2022-03-30,-0.009971737247280066,-0.008226353186196246
2022-03-31,-0.02123566440055791,-0.02114125630548333
2022-04-01,-0.005019592307262125,0.00029380698583127704
2022-04-04,0.020117087033289866,0.014477818904037109
2022-04-05,-0.022423637955772055,-0.016370410565829756
2022-04-06,-0.02192315634563808,-0.04059256807362593
2022-04-07,-0.0014975167373255088,0.00292432818190889
2022-04-08,-0.015280390495327974,-0.018007622137587196
2022-04-11,-0.02914707966002851,-0.04353007850454961
2022-04-12,0.008157490143739298,-0.01458123083118205
2022-04-13,0.012910495185504026,0.01622035019413932
2022-04-14,-0.03374710746595339,-0.030757888531987583
2022-04-18,-0.004631880569812354,-0.0008372522575363409
2022-04-19,0.010716531695925444,0.013596234550744692
2022-04-20,-0.004316047662343538,0.0004085023085299436
2022-04-21,-0.008155396920747668,-0.022871476474826954
2022-04-22,-0.03151551545503849,-0.027740694607481003
2022-04-25,0.0034145353449125896,0.02082014182928341
2022-04-26,-0.041342625445850316,-0.041421289243146614
2022-04-27,-0.004767913592875982,0.04368753876309956
2022-04-28,0.040865698737766167,0.019080265511675683
2022-04-29,-0.04059150707012786,-0.0460112436450944
2022-05-02,-0.001335549572621063,0.0214347971901867
2022-05-03,0.006276686094705401,-0.012801175226550311
2022-05-04,0.036889740513735426,0.025385330459917234
2022-05-05,-0.0656284999464499,-0.05283170858380412
2022-05-06,-0.005052106681583225,-0.01779144931567405
2022-05-09,-0.042052476598565786,-0.04594513415133558
2022-05-10,0.007683639362036093,0.010124727314817868
2022-05-11,-0.06153339070520478,-0.04207360899382813
2022-05-12,-0.035562464734622753,-0.028459628261570752
2022-05-13,0.02311764253962141,0.0140449186820893
2022-05-16,-0.01902964334318021,-0.006845788270764588
2022-05-17,0.01680478543401684,0.011839990245682509
2022-05-18,-0.06637326926197006,-0.057225095691889064
2022-05-19,-0.03325006654970432,-0.012006482694468721
2022-05-20,-0.006554164101557788,-0.010593851114566026
2022-05-23,0.03103531688305941,0.023229666964378698
2022-05-24,-0.027703014607770124,-0.012259487749266435
2022-05-25,-0.007160723317388117,0.00280824614067352
2022-05-26,0.01463452615809919,0.004493028643452147
2022-05-27,0.03164805592421971,0.018930231614674532
2022-05-31,-0.013660506001523477,-0.013326518994410654
2022-06-01,-0.009173802777829466,-0.00627901785004221
2022-06-02,0.008371498423985558,-0.00040233554973681876
2022-06-03,-0.04761859506808852,-0.025046627140358796
2022-06-06,-0.0030859376934176813,-0.0130144508872275
2022-06-07,0.009133034337520522,0.005557034661426279
2022-06-08,-0.013356133736338925,-0.015999288369795417
2022-06-09,-0.04491799340936847,-0.029302266734194365
2022-06-10,-0.04769459254312222,-0.053887096744649074
2022-06-13,-0.04733696280823235,-0.05163843266600383
2022-06-14,-0.0016494313517565699,0.0008628786943501131
2022-06-15,0.011611914815506283,0.021001844473145126
2022-06-16,-0.056259019226274215,-0.04314049868850464
2022-06-17,-0.00433286112014945,-0.004919295033399971
2022-06-21,0.01643552491537594,0.008493661678205602
2022-06-22,-0.0196345301759221,-0.018206929960318585
2022-06-23,0.00554427934021642,0.0065841842621584545
2022-06-24,0.008421524924949884,0.01777957551201454
2022-06-27,-0.0158,-0.02635230505521076
2022-06-28,-0.04604236208953133,-0.048063956609853055
2022-06-29,-0.0028602163147511597,-0.0011695575126316783
2022-06-30,-0.03399220311385862,-0.029066743926107256
2022-07-01,0.00023517035343481596,-0.0051494471628911135
2022-07-05,0.002953446316492251,-0.00328141299415567
2022-07-06,-0.006238622322053692,-0.003098056269975641
2022-07-07,0.007915979982685915,-0.0076070658979549635
2022-07-08,-0.011096354530518016,-0.018560886729298207
2022-07-11,-0.030667870053816583,-0.027638460601183145
2022-07-12,-0.008989530997473122,-0.05764484805533841
2022-07-13,-0.018339901828789716,-0.019552053217877154
2022-07-14,0.004475561904607038,-0.010432978435058733
2022-07-15,-0.0044149319397151325,-0.005463181257169398
2022-07-18,-0.03665932177996693,-0.025467961872932245
2022-07-19,0.010571172902702063,0.0047542679317231565
2022-07-20,-0.002380511682926993,-0.005297795384147291
2022-07-21,-0.0008186892929409242,-0.006048637419600019
2022-07-22,-0.02394378854529432,-0.032860581352458625
2022-07-25,-0.02322577669684965,-0.021693813166545048
2022-07-26,-0.02466559738864117,-0.042939292179077035
2022-07-27,0.017861857164087877,0.04891218608869929
2022-07-28,-0.01973470686194318,0.004840901241863052
2022-07-29,0.009066914827501375,-0.007656296582946842
2022-08-01,-0.029372478087495442,-0.03297188983947022
2022-08-03,0.014234301117603994,0.004156012353546543
2022-08-04,-0.02522805988510608,-0.019131266484598817
2022-08-05,-0.026078115085479525,-0.025912257910217992
2022-08-08,-0.026207154854714577,-0.032497018114331595
2022-08-09,-0.022996776734387967,-0.016261472488582958
2022-08-10,0.0025573180131675775,0.0007098328726528602
2022-08-11,-0.027741425001572895,-0.03072826838931074
2022-08-12,-0.0021006976328003177,-0.006406364161879487
2022-08-15,-0.016986445476541844,-0.017970116187795034
2022-08-16,-0.024224267872394838,-0.02589306160514295
2022-08-17,-0.014553756317511829,-0.028060038438253918
2022-08-18,-0.025594236739034867,-0.027255361224787403
2022-08-19,-0.038517118929573,-0.03725080926981576
2022-08-22,-0.046598703469804534,-0.053094720335371784
2022-08-23,-0.0253310640196013,-0.028027629296545786
2022-08-24,-0.021507670687590366,-0.025654092679420485
2022-08-25,-0.00848754763604648,-0.012265703708210335
2022-08-26,-0.06172822598384227,-0.06265125780439977
2022-08-29,-0.03708483366519166,-0.03402537094534015
2022-08-30,-0.03872382819581545,-0.031857416855422246
2022-08-31,-0.03399190585893456,-0.02902040305992736
2022-09-01,-0.018604261947161756,-0.02740064383605911
2022-09-02,-0.03700452018918553,-0.040107118316381175
2022-09-06,-0.03154906398365964,-0.03433464888924017
2022-09-07,-0.014088688131206882,-0.00436878182742631
2022-09-08,-0.03296440097327878,-0.021635300906671626
2022-09-09,-0.004635442528344837,-0.000583049266017821
2022-09-12,0.01448504349219347,-0.015053074082065547
2022-09-13,-0.08377166282444233,-0.07984753286224314
2022-09-14,-0.013789981698604716,-0.022387681656639662
2022-09-15,-0.04241134610065631,-0.05079369316469165
2022-09-16,-0.034320667848813706,-0.025911606805514624
2022-09-19,0.0014735324878092787,-0.02419931739699738
2022-09-20,-0.007755978381271967,-0.031801601609163475
2022-09-21,-0.04377589404234372,-0.03784117852719409
2022-09-22,-0.037195636236405094,-0.022340382529036956
2022-09-23,-0.04603926975050571,-0.043579459783285465
2022-09-26,-0.028542362918905308,-0.032777407716714085
2022-09-27,-0.02425517116406853,-0.03518948917342439
2022-09-28,-0.0435322674909256,-0.01128023807381924
2022-09-29,-0.08116641915442699,-0.04571972427319137
2022-09-30,-0.06129972764783673,-0.0503584465844006
2022-10-03,-0.0005108503896522829,0.0023083360612934714
2022-10-04,-0.0054997421872634775,0.002453339637792852
2022-10-05,-0.02874871722944264,-0.02951506567608345
2022-10-06,-0.037447730337592335,-0.040518014341541224
2022-10-07,-0.06820979798159624,-0.08299154179880999
2022-10-10,-0.028447141618919862,-0.05233311963637255
2022-10-11,-0.04110789370292142,-0.047692144942705315
2022-10-12,-0.03541561471374251,-0.029292773896774003
2022-10-13,0.0022602745723171933,0.006118038475852031
2022-10-14,-0.06357117367409093,-0.05534747285042918
2022-10-17,-0.002093302839328598,0.007695173364484331
2022-10-18,-0.02143454155387657,-0.02672462095860615
2022-10-19,-0.030035075238249595,-0.03930567256855905
2022-10-20,-0.03407241371226248,-0.03219644141771075
2022-10-21,-0.0041005539888769454,-0.00583372531863972
2022-10-24,-0.016105748008124185,-0.009833500520664944
2022-10-25,-0.011647023785304605,-0.01710253131944521
2022-10-26,-0.05062232028252338,-0.11109540589335867
2022-10-27,-0.06173906471050265,-0.050753944294771536
2022-10-28,0.04203447019722411,0.008632716800538107
2022-10-31,-0.0463302720180917,-0.0467832462364286
2022-11-01,-0.04849841255443817,-0.048006594401876615
2022-11-02,-0.06881864800415159,-0.06680897662506291
2022-11-03,-0.08163036666011862,-0.06523843105452676
2022-11-04,-0.04190672684137504,-0.005517705341755545
2022-11-07,-0.0344052961947918,-0.009450561232119108
2022-11-08,-0.03413362661445288,-0.03392113413376671
2022-11-09,-0.07205324973265403,-0.05753390715012374
2022-11-10,0.046936490237004774,0.04075888580647201
2022-11-11,-0.019214550340188454,-0.021445553805328955
2022-11-14,-0.04783091314305102,-0.06105709062085136
2022-11-15,-0.02650045306884497,-0.03656273947041458
2022-11-16,-0.04666600937408059,-0.03929235071199171
2022-11-17,-0.025412105011553027,-0.03850686373959284
2022-11-18,-0.034525286071309426,-0.04020515692331966
2022-11-21,-0.060218685707646276,-0.03486506376939339
2022-11-22,-0.02374526437735948,-0.026063664357648883
2022-11-23,-0.032391269116104314,-0.02794688992439024
2022-11-25,-0.05808806461675223,-0.03866358495158851
2022-11-28,-0.06491532945026784,-0.06172467862764638
2022-11-29,-0.05967507359250525,-0.04423251962929423
2022-11-30,0.009150118029292678,0.02149943521500871
2022-12-01,-0.03641027817152968,-0.04006529477221801
2022-12-02,-0.04167701252988975,-0.037005145882530066
2022-12-05,-0.04631525823499362,-0.057381375422585215
2022-12-06,-0.06399734549528441,-0.058812711480584264
2022-12-07,-0.05218079359482701,-0.041364416379968495
2022-12-08,-0.026240190239367467,-0.025977010213870437
2022-12-09,-0.04174089381311321,-0.046335431409985806
2022-12-12,-0.022042882840875994,-0.009820176656807351
2022-12-13,-0.0315404212201493,-0.020986099502002517
2022-12-14,-0.0539577952947594,-0.03713300255165095
2022-12-15,-0.09128746986559683,-0.07573869353707996
2022-12-16,-0.057986068904524346,-0.06080095305426758
2022-12-19,-0.05933751399481065,-0.060779935522921706
2022-12-20,-0.04382896060476938,-0.037701229542979164
2022-12-21,-0.019769502589805966,-0.03248196882553192
2022-12-22,-0.06735973796237262,-0.06916029484333727
2022-12-23,-0.04610207688357768,-0.04103546829336301
2022-12-27,-0.0572755606219252,-0.05074185569897133
2022-12-28,-0.07446587617415457,-0.05360783904600284
2022-12-29,-0.015369375453790128,-0.016045085067740276
2022-12-30,-0.04083409754063876,-0.04824978445445854
2023-01-03,-0.08142226333382989,-0.044301251648102155
2023-01-04,-0.0330386046269308,-0.08802880084373524
2023-01-05,-0.05396125143021817,-0.07338578524554966
2023-01-06,-0.007166631504096299,-0.031583561525692604
2023-01-09,-0.039219461558995514,-0.0336107305234918
2023-01-10,-0.038853503866805715,-0.03571174506506478
2023-01-11,-0.02240755890612759,-0.013510013553457809
2023-01-12,-0.04389947547692635,-0.03174551537560767
2023-01-13,-0.03323167465236275,-0.04028580589809577
2023-01-17,-0.0345818066198599,-0.03862923793252016
2023-01-18,-0.048684486547825465,-0.062369798314893005
2023-01-19,-0.042856344269563966,-0.05989079402458361
2023-01-20,-0.02426156891756493,-0.00818043187414888
2023-01-23,-0.020071484113868304,-0.03352361724560959
2023-01-24,-0.03328722420272978,-0.04552855112661386
2023-01-25,-0.04801184809299886,-0.04922563631748241
2023-01-26,-0.02860517256311087,-0.013048619271656153
2023-01-27,-0.029708428531175543,-0.0426550467367534
2023-01-30,-0.06358242441974711,-0.06550638441306067
2023-01-31,-0.03431946695074295,-0.022504991509271183
2023-02-01,-0.0354302921195455,-0.023561465605316037
2023-02-02,-0.009407798415118004,1.8393780274551796e-05
2023-02-03,-0.021692976436700703,-0.06970399694766172
2023-02-06,-0.06389147080065047,-0.05193451217156579
2023-02-07,-0.026738126406071053,-0.004636902311420679
2023-02-08,-0.0636104326270483,-0.04890692944904991
2023-02-09,-0.05263552765204726,-0.05742823851683775
2023-02-10,-0.044872479064285466,-0.047774484238072526
2023-02-13,-0.027167958019646842,-0.015035251968368298
2023-02-14,-0.05003384446155997,-0.04267206501303924
2023-02-15,-0.03199237130667491,-0.056326607387759305
2023-02-16,-0.05628417576297507,-0.07278340465853843
2023-02-17,-0.053375299074162066,-0.061524742994841695
2023-02-21,-0.07284214212478832,-0.06690782652432253
2023-02-22,-0.04290817243577673,-0.050401539318636696
2023-02-23,-0.04251482390339668,-0.03292157281801367
2023-02-24,-0.06396942354716423,-0.06782513684800542
2023-02-27,-0.03748626207268332,-0.04193532736513577
2023-02-28,-0.04915376701968252,-0.048662490656984775
2023-03-01,-0.060148428726582284,-0.058509727464316486
2023-03-02,-0.04157939805667344,-0.026237404886722618
2023-03-03,-0.011211500697680864,-0.029190936265659686
2023-03-06,-0.027330396010590494,-0.039530033535037895
2023-03-07,-0.060302623359388505,-0.05634547644795279
2023-03-08,-0.03735758619532838,-0.047472177287675416
2023-03-09,-0.060726974914214735,-0.051154343390507936
2023-03-10,-0.05967595385597383,-0.06059317020863915
2023-03-13,-0.03262122947196755,-0.02458569622799016
2023-03-14,-0.03180914286714236,-0.019103771019016134
2023-03-15,-0.04318202612435656,-0.028126659316948344
2023-03-16,-0.02727855356594161,-0.00606358546694271
2023-03-17,-0.05126888929409941,-0.03417342697437342
2023-03-20,-0.030434780935943644,-0.07190451677784905
2023-03-21,-0.03392667622736199,-0.04012243305560326
2023-03-22,-0.05494515534511527,-0.051257189363250674
2023-03-23,-0.04135465070209731,-0.028770331197459004
2023-03-24,-0.04002875790794882,-0.0378740954102156
2023-03-27,-0.06066947928355588,-0.06334651782110234
2023-03-28,-0.05228823052615371,-0.05246961862957867
2023-03-29,-0.02870261381620124,-0.029297736794591325
2023-03-30,-0.03845868020417159,-0.03575909594803256
2023-03-31,-0.03277686240514385,-0.033448674358779455
2023-04-03,-0.040627868852431026,-0.052018316101009
2023-04-04,-0.05155497574905922,-0.04847409167711667
2023-04-05,-0.05965444361102892,-0.05823849165867896
2023-04-06,-0.04281919948275399,-0.023087705073048782
2023-04-10,-0.06440123859737054,-0.0559077407843044
2023-04-11,-0.055920146528043405,-0.07122924891730742
2023-04-12,-0.052662736742197076,-0.04596916125581129
2023-04-13,-0.014764953122137381,-0.026147802590258458
2023-04-14,-0.05041627493803183,-0.06114784504863373
2023-04-17,-0.04817894927960045,-0.03904679451951683
2023-04-18,-0.040823329656979865,-0.04979002920996135
2023-04-19,-0.0413559433627332,-0.048022617105811335
2023-04-20,-0.05416336488943772,-0.0564454084439676
2023-04-21,-0.058129126077551524,-0.049524054570796575
2023-04-24,-0.046423202112943415,-0.06236116237185307
2023-04-25,-0.05778047210147779,-0.07109393001730124
2023-04-26,-0.04836106310874196,0.02163160243045483
2023-04-27,-0.02030045888507122,-0.016774563563535218
2023-04-28,-0.04078717221153596,-0.04035994946338579
2023-05-01,-0.04883055090111792,-0.053848136029354926
2023-05-02,-0.05451064901110192,-0.04879102248232737
2023-05-03,-0.05478831110399374,-0.051612510203300946
2023-05-04,-0.06076287198883976,-0.04748748979669913
2023-05-05,-0.004940951018583661,-0.03378825968112875
2023-05-08,-0.05120337684587633,-0.057258927669797975
2023-05-09,-0.06082122673797981,-0.05616020125270763
2023-05-10,-0.04046182061497321,-0.03365146331769378
2023-05-11,-0.049677067589059265,-0.05786921102100037
2023-05-12,-0.057614533185414,-0.054482888442683015
2023-05-15,-0.05370158049442128,-0.04921534174429361
2023-05-16,-0.0508,-0.04345933600062165
2023-05-17,-0.04720329116848758,-0.04357652115265162
2023-05-18,-0.03722643219590395,-0.03650771851900929
2023-05-19,-0.05017180546747719,-0.05136527338753573
2023-05-22,-0.056295777514795226,-0.04191828036836337
2023-05-23,-0.0660710047697226,-0.06940401843494864
2023-05-24,-0.04916924832817976,-0.05528253043485552
2023-05-25,-0.04413002196161389,-0.013063212285044971
2023-05-26,-0.03679368641779268,-0.02963984739946382
2023-05-30,-0.040196889860931166,-0.055859489787019004
2023-05-31,-0.05108204766792535,-0.05935068884728567
2023-06-01,-0.03490443948037539,-0.038121493784959014
2023-06-02,-0.04603597592211008,-0.0423565832706599
2023-06-05,-0.05839995891708878,-0.04919127680025155
2023-06-06,-0.05286248853736532,-0.05755012270016704
2023-06-07,-0.05858649986230446,-0.08215434757702125
2023-06-08,-0.03545328846520382,-0.04500323981136664
2023-06-09,-0.04864250185997868,-0.04610709973783793
2023-06-12,-0.03528221089042768,-0.035434703170529866
2023-06-13,-0.05341509274610928,-0.043474179864861816
2023-06-14,-0.04731472718049004,-0.04171755589720387
2023-06-15,-0.039563545841923835,-0.01930152901247513
2023-06-16,-0.05667713658883479,-0.06751461070269538
2023-06-20,-0.05021342144851344,-0.06328137057801106
2023-06-21,-0.05639153499978799,-0.06407105431790228
2023-06-22,-0.03430972581713645,-0.03243044674634654
2023-06-23,-0.052412695772971765,-0.06460208093689755
2023-06-26,-0.05828170051969353,-0.07004902593237275
2023-06-27,-0.035753159712990604,-0.032695080364759245
2023-06-28,-0.04439216853137278,-0.04688149352553503
2023-06-29,-0.04890504650361126,-0.053084857293693874
2023-06-30,-0.02796033788374662,-0.03454718142668185
2023-07-03,-0.05861516800194558,-0.05831628374596408
2023-07-05,-0.05668865403134341,-0.05032672522558505
2023-07-06,-0.04829438716331486,-0.04161563118055667
2023-07-07,-0.05670866839697176,-0.06273841649055771
2023-07-10,-0.06161523927354551,-0.06681274676756219
2023-07-11,-0.05361398683126531,-0.04887315912084428
2023-07-12,-0.04185459166592667,-0.036673404333727636
2023-07-13,-0.0467506662872543,-0.03473752422287364
2023-07-14,-0.05001307343209779,-0.043298874553369664
2023-07-17,-0.03364246150352081,-0.04938170374361001
2023-07-18,-0.05214117424416025,-0.011771763245311775
2023-07-19,-0.04375318946978896,-0.0631432441624164
2023-07-20,-0.06094871034455748,-0.0741930462177227
2023-07-21,-0.05698071409502636,-0.05977724087592937
2023-07-24,-0.0465888107460428,-0.046909622314252455
2023-07-25,-0.046296537151513294,-0.03393396500675351
2023-07-26,-0.046265312233424574,-0.08916405130231184
2023-07-27,-0.059902726969137496,-0.07439309454969054
2023-07-28,-0.039882500160618437,-0.03043212461352303
2023-07-31,-0.050138989924276456,-0.060566934943997286
2023-08-01,-0.057610626358275505,-0.0520504832813341
2023-08-02,-0.06888566783405524,-0.07993449801929724
2023-08-03,-0.060648567271211075,-0.05586818045031336
2023-08-04,-0.10251134402861131,-0.0498772229893122
2023-08-07,-0.07070427480728878,-0.04621671938503479
2023-08-08,-0.04800234366750681,-0.06567518841143505
2023-08-09,-0.06229472529819665,-0.06508516756114596
2023-08-10,-0.05453539997742913,-0.05112999480845959
2023-08-11,-0.054311918233414004,-0.05926330617684858
2023-08-14,-0.043950736658568544,-0.043905310330466615
2023-08-15,-0.06456346277740628,-0.060050296571941705
2023-08-16,-0.05827148077779857,-0.0578464531961448
2023-08-17,-0.06796209910017781,-0.06434706188054284
2023-08-18,-0.05048786580439043,-0.054563104879313894
2023-08-21,-0.045592942754827316,-0.03638124315641527
2023-08-22,-0.04542616658826294,-0.0514997077423385
2023-08-23,-0.03158852905223003,-0.039318926638340246
2023-08-24,-0.07981903655478347,-0.07503292949828702
2023-08-25,-0.04073610054364252,-0.04393683959804545
2023-08-28,-0.04449280817766939,-0.05107324086872244
2023-08-29,-0.03172413078968213,-0.038854333147622794
2023-08-30,-0.03430919336801088,-0.052143578690358544
2023-08-31,-0.05212829130182221,-0.05643761585560154
2023-09-01,-0.044872313831819166,-0.050557851485471546
2023-09-05,-0.05203404350642011,-0.03853100259761945
2023-09-06,-0.08974964835313405,-0.05531071448083868
2023-09-07,-0.08298564862199989,-0.062262174683733004
2023-09-08,-0.04981430467333665,-0.04017084034646408
2023-09-11,-0.0466993159686479,-0.0423806847119851
2023-09-12,-0.07050786992002524,-0.07172640717712547
2023-09-13,-0.06522562135175639,-0.040452242305582295
2023-09-14,-0.04455583798437106,-0.04547495562606989
2023-09-15,-0.05746251491963114,-0.07865566082003946
2023-09-18,-0.03652811838617182,-0.05681899404518252
2023-09-19,-0.047138205913226115,-0.05454675024891891
2023-09-20,-0.07349472962315273,-0.07756899929961543
2023-09-21,-0.06222914180545344,-0.057173189286785824
2023-09-22,-0.04836766607306679,-0.06121784700213488
2023-09-25,-0.045946816128788835,-0.05162952447168361
2023-09-26,-0.07697654559012546,-0.070451989534958
2023-09-27,-0.062237236390935535,-0.05121976626374355
2023-09-28,-0.05177560946090366,-0.05058620748794278
2023-09-29,-0.050258172559515056,-0.04659507013212061
2023-10-02,-0.03857338877182504,-0.03432052667231761
2023-10-03,-0.06110012621530875,-0.07978181325009545
2023-10-04,-0.0460179935970937,-0.03569839430478393
2023-10-05,-0.04612780871352727,-0.05203103388030416
2023-10-06,-0.038657286618716605,-0.028864031122349698
2023-10-09,-0.044884330941846635,-0.04550791090012552
2023-10-10,-0.056657773595232525,-0.057645124655896704
2023-10-11,-0.04542704272565609,-0.041102696801763296
2023-10-12,-0.048251585627447274,-0.05709758737235889
2023-10-13,-0.06364607070504595,-0.06371154360923999
2023-10-16,-0.05402713038413612,-0.038429274551662465
2023-10-17,-0.06212350400940954,-0.055045148630062476
2023-10-18,-0.060722340656169736,-0.059189743228994014
2023-10-19,-0.05546339395507343,-0.04964125652058307
2023-10-20,-0.0681133845016074,-0.06743418870398397
2023-10-23,-0.05260611770085163,-0.045220564595854
2023-10-24,-0.050759876246497616,-0.04963249569972788
2023-10-25,-0.06688353735313363,-0.02308315994701536
2023-10-26,-0.07821326814283634,-0.0915360805007008
2023-10-27,-0.045362266221020124,-0.04746145521005393
2023-10-30,-0.04106978049577811,-0.030814342246252346
2023-10-31,-0.05048524413936559,-0.050931102501816136
2023-11-01,-0.034734751342688844,-0.03003021959054694
2023-11-02,-0.03281797318571565,-0.046819469247874314
2023-11-03,-0.058494523565589096,-0.04052027335360098
2023-11-06,-0.03880047656164827,-0.04278293634617139
2023-11-07,-0.03895271054979371,-0.04214321677074557
2023-11-08,-0.047432307477227945,-0.04592152428858093
2023-11-09,-0.05592797851766106,-0.06023478307221079
2023-11-10,-0.03166199844733224,-0.02870814788077227
2023-11-13,-0.061920743043906976,-0.06142118268058029
2023-11-14,-0.03911536500804362,-0.0435570638488568
2023-11-15,-0.050263641294846444,-0.05492175347056293
2023-11-16,-0.0442985625402396,-0.035869546903599045
2023-11-17,-0.05340542962582251,-0.07024365083667944
2023-11-20,-0.04406448281532816,-0.03298590237451188
2023-11-21,-0.05753984513281682,-0.06494554606258142
2023-11-22,-0.04979168379519666,-0.04056877813005446
2023-11-24,-0.06032898403833223,-0.05441217043557973
2023-11-27,-0.05424796720812947,-0.05017846950384838
2023-11-28,-0.05009107539156335,-0.04255525909564431
2023-11-29,-0.0587243490824512,-0.06341104405427413
2023-11-30,-0.050241893641179126,-0.05314163851318266
2023-12-01,-0.04653169587573187,-0.06498020499373205
2023-12-04,-0.06280962061771518,-0.06774252899132267
2023-12-05,-0.03245557285137028,-0.04418524822568804
2023-12-06,-0.05900333894197439,-0.06333623597101826
2023-12-07,-0.04321170729615337,-0.04748720904690396
2023-12-08,-0.04591497233381158,-0.04449670097753711
2023-12-11,-0.06631157496572788,-0.06116022047496342
2023-12-12,-0.045411124623620014,-0.04503903680985142
2023-12-13,-0.03674628204384447,-0.0533267111853104
2023-12-14,-0.05254255809745011,-0.07610255490902751
2023-12-15,-0.05602948006092167,-0.04026802342254744
2023-12-18,-0.06183967473000472,-0.04813439352859509
2023-12-19,-0.04795416337565296,-0.05166441357271929
2023-12-20,-0.06407173036186008,-0.06039794881912054
2023-12-21,-0.05407019849254231,-0.04545218505040169
2023-12-22,-0.058863010122776956,-0.050519695583753195
2023-12-26,-0.05614495213223114,-0.05308645026879482
2023-12-27,-0.052782133597955014,-0.05487600235630835
2023-12-28,-0.051076225391347714,-0.05007053165640197
2023-12-29,-0.0587388779796984,-0.05127689330985223
2024-01-02,-0.08974267136826913,-0.06714392382151968
2024-01-03,-0.060815783303529054,-0.05402828303757106
2024-01-04,-0.06608147179532123,-0.06050343245362226
2024-01-05,-0.057321047032982936,-0.05381652191609037
2024-01-08,-0.02941273235759879,-0.03460434205511703
2024-01-09,-0.0555659842444778,-0.05036854069999684
2024-01-10,-0.04764463793110417,-0.034896190124671475
2024-01-11,-0.05652771811774772,-0.04845245336904258
2024-01-12,-0.051523465926666935,-0.043365886483860513
2024-01-16,-0.0656936101324582,-0.048677139467281104
2024-01-17,-0.05848687521428994,-0.055351966759957016
2024-01-18,-0.02124856395916508,-0.04206593490749167
2024-01-19,-0.037886348883224535,-0.04118689860260254
2024-01-22,-0.0412100875314949,-0.05873274557370113
2024-01-23,-0.0466687782295986,-0.04729050252646418
2024-01-24,-0.05679004665481412,-0.044166604839339874
2024-01-25,-0.054998099052138726,-0.04757812614736671
2024-01-26,-0.062353581073243874,-0.05562443230275431
2024-01-29,-0.05689235060281847,-0.03906759605356604
2024-01-30,-0.07273342617437029,-0.05606179129732102
2024-01-31,-0.07284739503343621,-0.08061603656463766
2024-02-01,-0.04004763775768376,-0.03782599652429759
2024-02-02,-0.058719776621548585,-0.03504182409162225
2024-02-05,-0.0435015118380958,-0.06693763224938151
2024-02-06,-0.044705326689888226,-0.053694506502145356
2024-02-07,-0.05271908054662697,-0.03240947285921937
2024-02-08,-0.05907133415668368,-0.05315510046342499
2024-02-09,-0.050489594353500804,-0.03786826060783784
2024-02-12,-0.06234261480802781,-0.06595854832661935
2024-02-13,-0.06463841642725426,-0.07506380358883745
2024-02-14,-0.058121375032109304,-0.04552854352245919
2024-02-15,-0.05487604445546566,-0.06048096339867646
2024-02-16,-0.061766063620235054,-0.05946813778645746
2024-02-20,-0.05742235722710867,-0.05644804746564937
2024-02-21,-0.0491227926508362,-0.054815584721825676
2024-02-22,-0.04211877685512926,-0.030026275853486398
2024-02-23,-0.06338485202309754,-0.05648738940637536
2024-02-26,-0.0607791373711888,-0.060146996965269116
2024-02-27,-0.045218370484062784,-0.05344723565092485
2024-02-28,-0.05994746301715232,-0.052711187421653566
2024-02-29,-0.05699992414792394,-0.03888463398343783
2024-03-01,-0.05934868523781356,-0.04881341602127149
2024-03-04,-0.07900893650925442,-0.05469688373187551
2024-03-05,-0.08215316890637334,-0.0833180323220735
2024-03-06,-0.059195548263505315,-0.054691754083038946
2024-03-07,-0.05400980719885401,-0.035918548397898334
2024-03-08,-0.04311535363993125,-0.060462510997276786
2024-03-11,-0.04153789863536291,-0.05749370572937011
2024-03-12,-0.050525271356929906,-0.027048187514996012
2024-03-13,-0.0654966897014891,-0.05373353645998042
2024-03-14,-0.042431907091581476,-0.029212773008773514
2024-03-15,-0.05549894770626737,-0.07421231572317147
2024-03-18,-0.04694783912489039,-0.05114105272727961
2024-03-19,-0.039806370448414834,-0.04354708208884037
2024-03-20,-0.038697908273130605,-0.04427603249909879
2024-03-21,-0.09501556727231797,-0.04361118093562266
2024-03-22,-0.04800390148684793,-0.054768343483217116
2024-03-25,-0.06163508162460908,-0.0671095195962668
2024-03-26,-0.05999488053812676,-0.05616556897607229
2024-03-27,-0.0323091995618902,-0.05382189591733532
2024-03-28,-0.0639152567315076,-0.05498616082222641
2024-04-01,-0.0617917496603818,-0.04419063724196347
2024-04-02,-0.060323371155096464,-0.06069947348420908
2024-04-03,-0.04851402968405892,-0.05565185227600924
2024-04-04,-0.0582044326746653,-0.05943125630959969
2024-04-05,-0.04880826667971693,-0.03518235953524505
2024-04-08,-0.05998582202329518,-0.05548795302020488
2024-04-09,-0.046083595797713844,-0.049327590061101746
2024-04-10,-0.06450177663669956,-0.06040975992044781
2024-04-11,-0.010939078184532151,-0.04232701662836899
2024-04-12,-0.044710396859220965,-0.06749131167364572
2024-04-15,-0.0754060427778168,-0.07307228881351871
2024-04-16,-0.07265336810312574,-0.05103007074540907
2024-04-17,-0.06148073209019403,-0.0599310351636034
2024-04-18,-0.0590306747089851,-0.07185195283917159
2024-04-19,-0.06558783079369325,-0.06612084801580832
2024-04-22,-0.04822200577305652,-0.04870045184507859
2024-04-23,-0.046928637459734815,-0.03694897463802895
2024-04-24,-0.04067777955145318,-0.049650852519654246
2024-04-25,-0.04816588232251315,-0.0781001820583486
2024-04-26,-0.05677887965473355,-0.03522063599868205
2024-04-29,-0.028794689752175744,-0.06336724062049695
2024-04-30,-0.07173986751442789,-0.08594647283291662
2024-05-01,-0.05936544273339625,-0.038993458410412324
2024-05-02,-0.031507299270532606,-0.04598394022268052
2024-05-03,0.004795512753197631,-0.0313724589242874
2024-05-06,-0.06244849296078914,-0.0365232105095717
2024-05-07,-0.04950993202073451,-0.0635081384213208
2024-05-08,-0.05143770006975653,-0.05037274026227033
2024-05-09,-0.043335582251274755,-0.04897361938497789
2024-05-10,-0.061569455752954624,-0.047447929034360466
2024-05-13,-0.035808421452068855,-0.05576240136009137
2024-05-14,-0.04714547574328271,-0.04645890765495933
2024-05-15,-0.04115614136151267,-0.037769222394791656
2024-05-16,-0.052667688881872746,-0.05825220602869799
2024-05-17,-0.053141984672184533,-0.055154494112089114
2024-05-20,-0.047156797251086374,-0.04116573722408382
2024-05-21,-0.04646620100593307,-0.044638694420311376
2024-05-22,-0.060866898466602135,-0.04985637427857229
2024-05-23,-0.07458303109183981,-0.06150976716747293
2024-05-24,-0.03684789617782588,-0.04592678072720192
2024-05-28,-0.053247364265587634,-0.052928114536435526
2024-05-29,-0.05172221488253327,-0.05597600713507715
2024-05-30,-0.04805862314935333,-0.0876700876459951
2024-05-31,-0.04829399277880872,-0.05219129899464927
2024-06-03,-0.04408382210257227,-0.057185843301481736
2024-06-04,-0.05165212898494886,-0.04715236555143034
2024-06-05,-0.04550948343158022,-0.03439647547685479
2024-06-06,-0.060421843858784,-0.052097920965876905
2024-06-07,-0.04098413285412681,-0.054879499839207084
2024-06-10,-0.07263343980451967,-0.043860207928200404
2024-06-11,0.0168314111741895,-0.042120986364125305
2024-06-12,-0.025122418306135926,-0.03411750414803756
2024-06-13,-0.047823868274412554,-0.052121716531854594
2024-06-14,-0.06150195350922139,-0.05106056005486624
2024-06-17,-0.033819469715025335,-0.04027985961704413
2024-06-18,-0.06434522088362488,-0.05783779097898131
2024-06-20,-0.07504767881983983,-0.05473491347879484
2024-06-21,-0.06379941327679117,-0.0441875056221708
2024-06-24,-0.050172215528646605,-0.05800222048655152
2024-06-25,-0.04884180609117606,-0.04599988523207052
2024-06-26,-0.033503937746748716,-0.05062036911555442
2024-06-27,-0.04932199077615139,-0.05177515467520511
2024-06-28,-0.06968763364318592,-0.06641421328709601
2024-07-01,-0.024610946291799853,-0.03165432486444629
2024-07-02,-0.037190549064585035,-0.0477323608100341
2024-07-03,-0.04750576895056772,-0.05006104276373487
2024-07-05,-0.031910004107703,-0.03867132035607688
2024-07-08,-0.046782450066029505,-0.05612715973272954
2024-07-09,-0.0495321970759953,-0.0677745338572829
2024-07-10,-0.03467103342413977,-0.03880401819153191
2024-07-11,-0.07679472960050368,-0.07838411012706041
2024-07-12,-0.04033350019826076,-0.055832343770011734
2024-07-15,-0.03669532547000901,-0.05239642862801508
2024-07-16,-0.051509794500791795,-0.0631287416289954
2024-07-17,-0.07892141446021098,-0.066737450242459
2024-07-18,-0.07404854814890552,-0.060427613924232126
2024-07-19,-0.052720276913015486,-0.060730402969741026
2024-07-22,-0.054861559199241294,-0.040050558975811376
2024-07-23,-0.04862261881945306,-0.04899717400092281
2024-07-24,-0.08247578151864024,-0.0898133551679417
2024-07-25,-0.05811619168232989,-0.07808587877212164
2024-07-26,-0.05114131274537172,-0.03701365142252997
2024-07-29,-0.05201618505980021,-0.04987276659838543
2024-07-30,-0.05073730410727103,-0.06226845886547177
2024-07-31,-0.03842039322938649,-0.06416463312271808
2024-08-01,-0.07019260040488277,-0.05626842676017396
2024-08-02,-0.046454096762839084,-0.07418254178517296
2024-08-05,-0.10266569589813954,-0.08650199454527645
2024-08-06,-0.0630959967031821,-0.042076368164681445
2024-08-07,-0.04087926724605664,-0.05625724740603371
2024-08-08,-0.03680351359961298,-0.042664788912614625
2024-08-09,-0.03965760473553406,-0.045064615695465396
2024-08-12,-0.04735212991658118,-0.05135617349569113
2024-08-13,-0.03625309676877124,-0.03575611785352907
2024-08-14,-0.05126835073123582,-0.04643969410944417
2024-08-15,-0.03986014175561571,-0.043346343962575216
2024-08-16,-0.04739896905537411,-0.05939888727869585
2024-08-19,-0.05400805862143047,-0.04601425348589504
2024-08-20,-0.05055906106030729,-0.04557247935862928
2024-08-21,-0.05378574772984859,-0.05485488051681147
2024-08-22,-0.06159401778491837,-0.07376064541188222
2024-08-23,-0.043064405398282164,-0.0503204461701553
2024-08-26,-0.05180226834255177,-0.06124916745442287
2024-08-27,-0.0495654555572167,-0.0524539046791976
2024-08-28,-0.060076405407990086,-0.06115992111042637
2024-08-29,-0.03883494547122376,-0.047181396926555555
2024-08-30,-0.05674384481260529,-0.04361621078978882
2024-09-03,-0.080882154477457,-0.07193152445701026
2024-09-04,-0.06195611103424714,-0.05461974504088207
2024-09-05,-0.04639610776743238,-0.054548027178105224
2024-09-06,-0.060339740264112214,-0.0698170588272549
2024-09-09,-0.052892511256897465,-0.0433422748574414
2024-09-10,-0.05692795736008087,-0.0326143175463113
2024-09-11,-0.04178147709345153,-0.03218221173821695
2024-09-12,-0.05280609522377853,-0.04398272399464218
2024-09-13,-0.05451274747048768,-0.04492765197722594
2024-09-16,-0.08146830875169572,-0.051559719027563455
2024-09-17,-0.05112964981417456,-0.04450584298831248
2024-09-18,-0.03547014118035617,-0.06332364159502862
2024-09-19,-0.011904845089820794,-0.03017414434859665
2024-09-20,-0.05123171934227246,-0.056126485096194015
2024-09-23,-0.05590995160833204,-0.05235166419042057
2024-09-24,-0.044333839327595714,-0.05836175317537299
2024-09-25,-0.052707817777013,-0.041472925368792095
2024-09-26,-0.04323268210015846,-0.050153096358506996
2024-09-27,-0.04711399472162415,-0.05595716564061585
2024-09-30,-0.025685698327551444,-0.04298728361744092
2024-10-01,-0.07787468219595636,-0.07088641943788483
2024-10-02,-0.04578338682605049,-0.05679829659246823
2024-10-03,-0.05320662935987492,-0.04971542840333062
2024-10-04,-0.043305183330221875,-0.04945301478063356
2024-10-07,-0.07108856224773533,-0.06409490200982246
2024-10-08,-0.030063227655980414,-0.035755097841594655
2024-10-09,-0.031739475697359014,-0.04169074946105912
2024-10-10,-0.0504806454626627,-0.052188160424580174
2024-10-11,-0.054826666327208576,-0.04714637556903953
2024-10-14,-0.03195442522525743,-0.04154920233234366
2024-10-15,-0.03733568506549832,-0.04925479073468158
2024-10-16,-0.0571912382656502,-0.05457652205442079
2024-10-17,-0.04670493144031417,-0.04685914676575828
2024-10-18,-0.03609820032177174,-0.04485039903226962
2024-10-21,-0.042021876384322095,-0.04681841204049601
2024-10-22,-0.05092522909801287,-0.027668042448074134
2024-10-23,-0.07016019927313537,-0.055130130646940396
2024-10-24,-0.049123705420166794,-0.04799387634720259
2024-10-25,-0.04466347493094161,-0.04028007144975225
2024-10-28,-0.0397373091851248,-0.051950236872380935
2024-10-29,-0.04714385625248887,-0.03581352379492698
2024-10-30,-0.06369586655864666,-0.046958152676691726
2024-10-31,-0.06667730717218925,-0.11073683092898756
2024-11-01,-0.06166858731628991,-0.03845566542975129
2024-11-04,-0.05234567665001411,-0.052965201480450856
2024-11-05,-0.041834750523366375,-0.04098218024292717
2024-11-06,-0.051572298233405686,-0.02732861915060319
2024-11-07,-0.02715305470745586,-0.0358827687541169
2024-11-08,-0.04808853193800293,-0.05261630526927575
2024-11-11,-0.05790147971515671,-0.05657876118851733
2024-11-12,-0.0458,-0.03386225716632302
2024-11-13,-0.04183871741936025,-0.040683452049455546
2024-11-14,-0.03212351735954532,-0.04183327766786177
2024-11-15,-0.060009673802113445,-0.07404784856923288
2024-11-18,-0.03246705779884641,-0.043970349530511925
2024-11-19,-0.044660398737066426,-0.0409292567612452
2024-11-20,-0.04265094211426762,-0.05132036732175093
2024-11-21,-0.04789826969797781,-0.05212577318241154
2024-11-22,-0.03990980211993619,-0.035846551635977345
2024-11-25,-0.03283357379118142,-0.0415166208334382
2024-11-26,-0.03643955724043633,-0.02406977014250149
2024-11-27,-0.046353203273752065,-0.05755129271796706
2024-11-29,-0.035636019729541196,-0.044689479477104437
2024-12-02,-0.036322448558145995,-0.02819737331302502
2024-12-03,-0.03310905329204334,-0.045289665719977876
2024-12-04,-0.04431748109403343,-0.031478187660381074
2024-12-05,-0.04567655590972914,-0.03398221781014054
2024-12-06,-0.04662324858522934,-0.04365598942910249
2024-12-09,-0.029827111948642446,-0.04029183063119143
2024-12-10,-0.0416747818228557,-0.051849380341540935
2024-12-11,-0.050979471782210545,-0.03311379794311704
2024-12-12,-0.03985398187480601,-0.04453128912924767
2024-12-13,-0.04511464046179394,-0.05090688754164896
2024-12-16,-0.03414051338720225,-0.03618775056789515
2024-12-17,-0.036127364529406326,-0.03946478759687062
2024-12-18,-0.06745458570825827,-0.08408465533087355
2024-12-20,-0.024659022376800788,-0.044284398509034525
2024-12-23,-0.04023973395817742,-0.0463968654675452
2024-12-24,-0.03188733011703371,-0.033969739536153135
2024-12-26,-0.040129199617101034,-0.046080818713948306
2024-12-27,-0.056630680688083496,-0.06075301254724673
2024-12-30,-0.05665217457653849,-0.0566279189478731
2024-12-31,-0.05038291529001754,-0.051169311461166905
2025-01-02,-0.06988622608473999,-0.05025174688007845
2025-01-03,-0.04531145364507883,-0.031968770473545474
2025-01-06,-0.036583617966255796,-0.03272659322422242
2025-01-07,-0.05475309208649182,-0.05619095972151821
2025-01-08,-0.04127900572567962,-0.03812836862290615
2025-01-09,-0.0433,-0.0433
2025-01-10,-0.06769908336279484,-0.05660175746034405
2025-01-13,-0.0536979716669032,-0.04750982753921808
2025-01-14,-0.0480896088825642,-0.04695007729411362
2025-01-15,-0.023815142867876,-0.018024895071000045
2025-01-16,-0.08453897582696332,-0.04736633615110794
2025-01-17,-0.035792981504935165,-0.03287359845090203
2025-01-21,-0.07573623140288344,-0.044536108515119174
2025-01-22,-0.03796928206610247,-0.002823456039402421
2025-01-23,-0.044059793551490534,-0.04215766750185529
2025-01-24,-0.04724230418299858,-0.049249926059146916
2025-01-27,-0.01201430947643102,-0.0649256635071534
2025-01-28,-0.007407913569397621,-0.014628103089387313
2025-01-29,-0.0386938195851025,-0.05424971200021216
2025-01-30,-0.0507221957254156,-0.10710178628584355
2025-01-31,-0.050014694035086835,-0.04313133546131932
2025-02-03,-0.07774231738385284,-0.053324539745451295
2025-02-04,-0.022509771784474435,-0.03977754375915373
2025-02-05,-0.044718531413314354,-0.041071478863575525
2025-02-06,-0.040078970351781686,-0.037197051410091504
2025-02-07,-0.0675607103328896,-0.058005256691303346
2025-02-10,-0.04321214197850614,-0.037290030208787586
2025-02-11,-0.021703140869898406,-0.04519398594849065
2025-02-12,-0.025194753476402182,-0.04915025069491695
2025-02-13,-0.02381777845449136,-0.039639584482711016
2025-02-14,-0.030669465726927213,-0.04845282530167358
2025-02-18,-0.043831621252833845,-0.04034181578012235
2025-02-19,-0.041665144524903934,-0.030854575478943796
2025-02-20,-0.03938721734343128,-0.040026438284984416
2025-02-21,-0.04443964764664926,-0.0625159635724317
2025-02-24,-0.03700747949068925,-0.05366686990972665
2025-02-25,-0.043542846158153105,-0.05851416052826713
2025-02-26,-0.07071246737068403,-0.0387113982399685
2025-02-27,-0.05611263602400933,-0.06147635177029448
2025-02-28,-0.024348812970515367,-0.032001875969552125
2025-03-03,-0.05917963432324655,-0.06494366200238577
2025-03-04,-0.05216156528933412,-0.04299115943648486
2025-03-05,-0.04410564806019856,-0.011864968639639407
2025-03-06,-0.045040718379554714,-0.05365213716623464
2025-03-07,-0.027532388341102297,-0.05236105921024215
2025-03-10,-0.09299407363916756,-0.07730588826385554
2025-03-11,-0.07292386502275497,-0.04253745411169386
2025-03-12,-0.060933274021539294,-0.035915060974546636
2025-03-13,-0.07752262437915358,-0.055110540938027794
2025-03-14,-0.025292565850918255,-0.017781562672467728
2025-03-17,-0.040913978142381145,-0.04293976017931185
2025-03-18,-0.04944030849539784,-0.056716067172103216
2025-03-19,-0.031382021905234606,-0.03215045623160219
2025-03-20,-0.04861048902558184,-0.04583014360570948
2025-03-21,-0.024010367044650847,-0.031938870215596556
2025-03-24,-0.03209259339786599,-0.03865914713893982
2025-03-25,-0.029710877998155673,-0.038022407317952846
2025-03-26,-0.05327133666038073,-0.0565209330882358
2025-03-27,-0.03288183580760959,-0.04173699923340121
2025-03-28,-0.0702399427364003,-0.07392445254271303
2025-03-31,-0.024073445881043046,-0.05234287576684993
2025-04-01,-0.038539369433437276,-0.025347618393070762
2025-04-02,-0.04016856682468816,-0.043430833540673064
2025-04-03,-0.1403133579164837,-0.06721375127756998
2025-04-04,-0.11898030250025096,-0.07951379412275392
2025-04-07,-0.08072595565318814,-0.04881763974728966
2025-04-08,-0.09440188295970403,-0.05256426434485156
2025-04-09,0.09931741087192081,0.053224776638358666
2025-04-10,-0.0866186127961543,-0.06698477214697535
2025-04-11,-0.0035078392211012263,-0.0248531272138178
2025-04-14,-0.021485672534735482,-0.04494893243246368
2025-04-15,-0.04517812045519204,-0.04867788611599952
2025-04-16,-0.08301158259582708,-0.08059272561374822
2025-04-17,-0.02944674330913318,-0.053659983921511195
2025-04-18,-0.0433,-0.0433
2025-04-21,-0.06288333973621518,-0.06712833883903038
2025-04-22,-0.00980234019035249,-0.022085329950790145
2025-04-23,-0.019259667297462618,-0.022873229677861484
2025-04-24,-0.02504150793541717,-0.00939844832431859
2025-04-25,-0.03894227731327496,-0.03162047302183288
2025-04-28,-0.03919909300820475,-0.04506243005479926
2025-04-29,-0.03822107606457844,-0.03596425645659592
2025-04-30,-0.03721091083157919,-0.04020865077519007
2025-05-01,-0.039448602632070125,0.0301861265538484
2025-05-02,-0.0813775453298339,-0.02034040058846691
2025-05-05,-0.07526393232741249,-0.041257426566225865
2025-05-06,-0.045212431383077276,-0.049878668433527895
2025-05-07,-0.05475012002955996,-0.04320769159756197
2025-05-08,-0.03700140651462273,-0.03223875265215812
2025-05-09,-0.03804772793890758,-0.04202277323268849
2025-05-12,0.016622155002815733,-0.019582404958483304
2025-05-13,-0.03319890401349608,-0.043567141586628805
2025-05-14,-0.046121805004604756,-0.034874976770806816
2025-05-15,-0.047453104275204896,-0.042880606348770195
2025-05-16,-0.044198961523481434,-0.04078732510516698
2025-05-19,-0.05510853641486372,-0.03322478938158292
2025-05-20,-0.05253883003049474,-0.04482665126048025
2025-05-21,-0.06662909321950063,-0.05559784697522362
2025-05-22,-0.04691879190309655,-0.03825276801209698
2025-05-23,-0.0740111345746548,-0.0536421765105752
2025-05-26,-0.0433,-0.0433
2025-05-27,-0.018316400568797655,-0.020222137178815894
2025-05-28,-0.04225165105342546,-0.050554538651160705
2025-05-29,-0.04564782933735548,-0.040418027785612286
2025-05-30,-0.038808974487536195,-0.0396440070698134
2025-06-02,-0.03907691584512524,-0.03980883819185914
2025-06-04,-0.045516258387020336,-0.041357916613705616
2025-06-05,-0.05415647049174078,-0.035120039193903246
2025-06-06,-0.027034655624249476,-0.037543422689194916
2025-06-09,-0.055486548430503733,-0.038274171135174076
2025-06-10,-0.037262171106134404,-0.04717847932857074
2025-06-11,-0.06268035499136232,-0.039696545266708086
2025-06-12,-0.041189340389361756,-0.030162521115067953
2025-06-13,-0.057201399146029036,-0.05149857186579998
2025-06-16,-0.03332194978271238,-0.03453775968157691
2025-06-17,-0.0574097605506,-0.04559841928216275
2025-06-18,-0.038506762532672954,-0.03870843205509261
2025-06-20,-0.021064565079407654,-0.049231265038858024
2025-06-23,-0.04081552667233803,-0.025446090004236
2025-06-24,-0.04927313871496509,-0.03487876819396676
2025-06-25,-0.037029138859375185,-0.038902509251358346
2025-06-26,-0.04608219575332155,-0.032832297419799907
2025-06-27,-0.042902069234701266,-0.04634009736956408
2025-06-30,-0.02316393504626025,-0.04034031595496706
2025-07-01,-0.03046658335361362,-0.05413429836584302
2025-07-02,-0.021312724870302134,-0.045252926958752424
2025-07-03,-0.038088598266722805,-0.027642007333695845
2025-07-07,-0.060301590157273335,-0.045547733145115836
2025-07-08,-0.04301425849886537,-0.04551252378207109
2025-07-09,-0.037933728069788196,-0.029521573190781365
2025-07-10,-0.037303051322755125,-0.047339846686753756
2025-07-11,-0.049202229283378154,-0.03963757552405727
2025-07-14,-0.05540172470759039,-0.043896219983081186
2025-07-15,-0.04095398594911674,-0.0377490559658784
2025-07-16,-0.038291283921424064,-0.0436954757624905
2025-07-17,-0.04396638109943707,-0.031346883201271006
2025-07-18,-0.037791913899479064,-0.04652975568251815
2025-07-21,-0.037162984090299375,-0.043280394271205516
2025-07-22,-0.034304437091421995,-0.05273542599285627
2025-07-23,-0.0444667251352669,-0.04211322058187345
2025-07-24,-0.04512281371309916,-0.03344499031612106
2025-07-25,-0.042738780267749986,-0.037775825067966125
2025-07-28,-0.04250547748957561,-0.045658192885942625
2025-07-29,-0.05637269627881179,-0.043163423961078105
2025-07-30,-0.053863478509569254,-0.04199371502466769
2025-07-31,-0.05040482562374468,-0.004584501285009479
2025-08-01,-0.06862151387721548,-0.06105748478753291
2025-08-04,-0.03851848594838037,-0.021539292326909737
2025-08-05,-0.045416819654744374,-0.05813960689893546
2025-08-06,0.006353373673299335,-0.0486387163822017
2025-08-07,-0.012001285679738898,-0.05114107748570068
2025-08-08,-0.0018146796488685904,-0.04099867956120073
2025-08-11,-0.05280656623990536,-0.04381733554195073
2025-08-12,-0.032486244031473044,-0.029084862583165835
2025-08-13,-0.027402650212834983,-0.059798440562615615
2025-08-14,-0.04565995904513725,-0.03965686901719292
2025-08-15,-0.04842523464010095,-0.0477310243697106
2025-08-18,-0.046327160242817224,-0.04921940182251522
2025-08-19,-0.04473027437970012,-0.057576635798202616
2025-08-20,-0.06323188617021994,-0.05127648716027623
2025-08-21,-0.04822338711572196,-0.04623081123884231
2025-08-22,-0.03066341599548794,-0.037387795566043866
2025-08-25,-0.04593782796055029,-0.04917254156830892
2025-08-26,-0.033879815106335205,-0.047712210278256444
2025-08-27,-0.03816732235524339,-0.03398174625129403
2025-08-28,-0.034359221297032824,-0.037593457427771405
2025-08-29,-0.04510761831014394,-0.049105217369778624
2025-09-02,-0.053779461944380755,-0.04640335193371989
2025-09-03,-0.005917659742964779,-0.04284476628900986
2025-09-04,-0.03782167997362329,-0.03812886780412209
2025-09-05,-0.04367541452460853,-0.06916462814785922
2025-09-08,-0.05088007691650613,-0.03685615974061021
2025-09-09,-0.05825062046967783,-0.04287857135066265
2025-09-10,-0.07609124519794461,-0.03937520672022603
2025-09-11,-0.029114743970842995,-0.042021763791686116
2025-09-12,-0.025889519278114493,-0.025711432904395273
2025-09-15,-0.03212669940187474,-0.03264894247822123
2025-09-16,-0.0371927892730687,-0.05563908665835201
2025-09-17,-0.03977901719490215,-0.041376658288805754
2025-09-18,-0.04545536521357447,-0.04388305839858462
2025-09-19,-0.009269397603817668,-0.022326784244373593
2025-09-22,0.0013929484270322964,-0.04754172917095345
2025-09-23,-0.047264146619889126,-0.05099858792746123
2025-09-24,-0.049267258825429774,-0.039094980773044095
2025-09-25,-0.022988369875424304,-0.04703462668306785
2025-09-26,-0.046404278726233456,-0.032200792472975644
2025-09-29,-0.04494009257291247,-0.034779481117626854
2025-09-30,-0.04011423796687864,-0.03441118734353274
2025-10-01,-0.037684815298032776,-0.0375077488045274
2025-10-02,-0.03434490219790593,-0.048568201175168524
2025-10-03,-0.03744469228191055,-0.03778313447345537
2025-10-06,-0.04606797015844256,-0.01944438118031202
2025-10-07,-0.04171844227730499,-0.04962173121695096
2025-10-08,-0.034858572837542914,-0.039341008171889826
2025-10-09,-0.05670038108892593,-0.04567892951958546
2025-10-10,-0.07613209037492868,-0.06314226870888762
2025-10-13,-0.031302806772892815,-0.03497077226460633
2025-10-14,-0.04055594129621715,-0.04193419753393063
2025-10-15,-0.034683469573906354,-0.041272638755340374
2025-10-16,-0.048708885518933924,-0.044651084665080186
2025-10-17,-0.021729321891120937,-0.03725680522680652
2025-10-20,-0.0024191045112545093,-0.03486920837158951
2025-10-21,-0.03908099015241225,-0.03941794633839321
2025-10-22,-0.05767687320105896,-0.03555192181183323
2025-10-23,-0.03673731138243547,-0.041061579099025296
2025-10-24,-0.02869555304412097,-0.03525802278484836
2025-10-27,-0.018664576877536483,-0.026206305976950152
2025-10-28,-0.0404934307361163,-0.02154568203308089
2025-10-29,-0.03860114945615485,-0.04215974611010316
2025-10-30,-0.032416482744915494,-0.06829056343284282
2025-10-31,-0.04240235613256724,-0.05383645524209017
